1,Krissy Mingotti,Bangalore,28709
2,Kelsey Townby,Gurugram,89430
3,Jonie Birchall,Gurugram,39636
4,Rosalind Scrange,Mangalore,57725
5,Laurie Braunton,Mangalore,24796
6,Maudie McGeachey,Mangalore,30422
7,Benton Tabary,Mumbai,50310
8,James Farraway,Pune,63762
9,Merwin De Castri,Bangalore,37143
10,My Corby,Chandigarh,70854
11,Elsinore Duckels,Madurai,73019
12,Sandro Rowbottam,Noida,63723
13,Vidovik McGairl,Mangalore,53412
14,Amalia Davinet,New Delhi,69891
15,Mathian Tenant,Chennai,73655
16,Baldwin Bakhrushin,New Delhi,42889
17,Guinna Sibborn,New Delhi,79159
18,Bianca Dark,Bangalore,79136
19,Tera Limer,Noida,25298
20,Ab Wicks,Mangalore,77534
21,Agata Fleeming,Hyderabad,64088
22,Elsbeth Olufsen,Baroda,48385
23,Deena Sarfas,Mumbai,25603
24,Lanette Glancey,Noida,43480
25,Lorinda MacCorley,Kolkatta,69762
26,Nerty Syred,Pune,82907
27,Cathyleen Ellicombe,Gurugram,85491
28,Archie Hamm,Kolkatta,80735
29,Travis Terlinden,Mumbai,47664
30,Zeb Ambrogio,Nagpur,45243
31,Justine Freer,Mumbai,62397
32,Tine Vasser,Mumbai,48401
33,Kai Apted,Hyderabad,29088
34,Bobbette Keele,Mangalore,58706
35,Idaline Norbury,Madurai,29751
36,Truman McPake,Mangalore,35186
37,Doralin Stave,Baroda,53628
38,Bradford Haacker,Hyderabad,33789
39,Blithe Horstead,Mysore,77556
40,Ailyn Endicott,Madurai,52179
41,Andrew Keelin,Mangalore,86173
42,Merrily Boldecke,Chennai,23226
43,Pennie Rosebotham,Chandigarh,88350
44,Jacquenetta Gudgeon,Mumbai,34958
45,Lancelot Flukes,New Delhi,81070
46,Sandie Yole,Kolkatta,84044
47,Sunshine Kayley,Noida,78154
48,Carolina Ebhardt,Chennai,62126
49,Darrell Tewes,Pune,26464
50,Mercedes Poizer,Mysore,81300
51,Babbie Forster,Mangalore,73788
52,Frederique Jotcham,New Delhi,58401
53,Gerik Klimas,Noida,58855
54,Amandie Ohanessian,Chandigarh,73479
55,Jenifer Rosterne,Mumbai,57315
56,Bren O'Scully,Chennai,61731
57,Ellen Bambrough,Hyderabad,31095
58,Sharia Land,Noida,54095
59,Leonardo Leetham,Mysore,65168
60,Smith Gent,Bangalore,44145
61,Chris Urrey,Nagpur,88235
62,Darcy Ginty,Gurugram,79511
63,Kacey O'Downe,Noida,43338
64,Jordan Philippou,Baroda,36904
65,Lorenza McGirl,Mysore,89398
66,Pollyanna Blasli,Kolkatta,53988
67,Armando Cowton,Hyderabad,66918
68,Homere Snawdon,Chandigarh,53743
69,Sigismondo Girsch,Mumbai,85047
70,Sly Coltart,Noida,55613
71,Georgina Tomlin,Pune,36875
72,Cicely Aliberti,Madurai,64338
73,Filippa Minnette,Noida,84992
74,Dusty McVittie,Nagpur,24366
75,Lil Pirot,Mangalore,43040
76,Edik Farry,Madurai,54105
77,Dyan Guillou,Bangalore,32705
78,Reuven Dine-Hart,Gurugram,75863
79,Nerta Bantock,Bangalore,59032
80,Morse Carslaw,Madurai,75574
81,Dora Woolley,Chennai,22606
82,Thekla Lavallin,Baroda,41100
83,Kathi Dillingham,Kolkatta,86860
84,Licha Ellison,Nagpur,65740
85,Jinny MacHarg,Noida,69895
86,Edeline Call,Chennai,40630
87,Vita Darrington,Hyderabad,81166
88,Gussie Chapleo,Mysore,56796
89,Haskell Solano,Madurai,36799
90,Thorsten Worge,Bangalore,74526
91,Giustino Stanesby,Mumbai,62842
92,Frances Loxston,Mysore,73192
93,Augustine Jackling,Nagpur,26885
94,Shelli Vass,Chandigarh,41693
95,Ulric Goney,Hyderabad,28148
96,Tiphany Cowdrey,New Delhi,70608
97,Francesca Queen,Madurai,45939
98,Maybelle Burkert,New Delhi,60389
99,Dotty Jermey,Noida,74622
100,Brannon Caldwall,Hyderabad,64830