1,Pammie Cursey,Vizag,74101
2,Marylin Fatscher,Bangalore,30659
3,Tome Leele,Delhi,54458
4,Augusto Oneil,Nellore,72212
5,Gnni Donneely,Vizag,58290
6,Harrietta Twinn,Mangalore,31468
7,Rozanne Blazevic,Mangalore,67516
8,Arron Gecke,Chennai,32140
9,Mic Eastwell,Nellore,52339
10,Aurthur Brennon,Vizag,90120
11,Thalia Gabala,Chennai,61632
12,Evan Jennery,Vizag,32694
13,Mellisa Phetteplace,Mangalore,90058
14,Tyrone Korneichuk,Chennai,13619
15,Marcie Petran,Vizag,59861
16,Arie Harrismith,Nellore,37411
17,Vilhelmina Rummery,Mangalore,82494
18,Janessa Pigrome,Bangalore,53592
19,Chaim Baggarley,Nellore,93925
20,Ardelle Jochanany,Vizag,68697
21,Clay Basler,Indore,48106
22,Harlen Gatus,Bangalore,98260
23,Aguistin Braddick,Chennai,93374
24,Adiana Mettricke,Bangalore,34346
25,Hersch Mendez,Mangalore,64715
26,Grantley Southcoat,Nellore,74988
27,Price Pridgeon,Bangalore,82762
28,Ebenezer Blizard,Mallam,38474
29,Philippe Simmen,Nellore,43896
30,Amanda Croisier,Bangalore,59077
31,Audra Rains,Chennai,34921
32,Karrah Staples,Vizag,98512
33,Gibbie Elms,Delhi,46111
34,Chelsy Packington,Vizag,10793
35,Aubree Sprowle,Delhi,80240
36,Anthea MacKettrick,Chennai,54556
37,Del Arendt,Chennai,12277
38,Lonny Ferrettini,Nellore,16377
39,Madelin Scarbarrow,Mallam,66586
40,Maiga Lean,Nellore,91141
41,Sauveur Dubose,Chennai,10296
42,Sutherlan Sacker,Mangalore,81717
43,Atlanta Emons,Mallam,17788
44,Dollie McAllester,Nellore,75587
45,Leeland Janicki,Mallam,75681
46,Nesta Eastwell,Nellore,17700
47,Marena Wintour,Chennai,52012
48,Mariya Mulliss,Indore,90035
49,Meryl Wasiela,Bangalore,91662
50,Nona Bonhill,Mallam,69359
51,Staford MacDonogh,Mallam,88320
52,Judith Pere,Delhi,46176
53,Larina Watman,Mangalore,23437
54,Herold Donald,Nellore,98898
55,Gayelord Gately,Mangalore,34107
56,Pierette Mignot,Delhi,55980
57,Elvina Dunnett,Mangalore,63758
58,Antonietta Gash,Indore,64531
59,Ulrike Brewin,Vizag,75749
60,Winifred Ledward,Mallam,30524
61,Leland Idill,Delhi,91659
62,Gena Walisiak,Mangalore,86720
63,Glenn Maskell,Mangalore,97120
64,Babbette Clutheram,Mangalore,11545
65,Martica Cleaton,Chennai,59123
66,Moina Wollard,Bangalore,93505
67,Donavon Barrand,Chennai,67808
68,Brianne Lorrain,Delhi,20818
69,Abelard Carff,Mangalore,87078
70,Sherie Gerrelt,Bangalore,63437
71,Ardra Bedenham,Mangalore,44460
72,Danyelle Shrieve,Mallam,82998
73,Scott Emeline,Nellore,53731
74,Louis Hassett,Nellore,78268
75,Ford Chmarny,Delhi,68696
76,Mindy Hanscome,Mallam,66341
77,Lillian Tew,Chennai,57767
78,Ingrid Kopelman,Mallam,66697
79,Lorenza FitzGibbon,Bangalore,81033
80,Florrie Worstall,Vizag,71108
81,Feliza Eckersall,Bangalore,65663
82,Thorvald Kennally,Mallam,88753
83,Stefanie Pleavin,Chennai,88609
84,Mabel Pariss,Mallam,97962
85,Hyacinthe Gras,Mangalore,96381
86,Gabriela Giacobazzi,Delhi,78217
87,Basile Cockerill,Vizag,70934
88,Codi Braban,Mangalore,81301
89,Hazlett Shortland,Delhi,53455
90,Denise Huntar,Mallam,84795
91,Kelci Dimmer,Nellore,54275
92,Revkah Phillpotts,Chennai,48655
93,Vita Rout,Mallam,10206
94,Junina Knotte,Nellore,41170
95,Kaleena Athelstan,Nellore,75308
96,Holden Bathoe,Bangalore,16494
97,Piggy Lavin,Delhi,63918
98,Christopher Blythin,Chennai,82091
99,Hillard Mucklow,Delhi,55864
100,Kippar Kirtley,Bangalore,81300
101,Roosevelt Scothorn,Chennai,40102
102,My Moule,Mangalore,55590
103,Byran Maunton,Vizag,36884
104,Sarajane Middiff,Mallam,46295
105,Jill Kingham,Mangalore,39276
106,Eleen Lawrey,Indore,96195
107,Roley Grellier,Mangalore,80076
108,Susana Shyram,Delhi,20880
109,Leslie Thurley,Nellore,28553
110,Holly Kinkade,Indore,63911
111,Vern Size,Delhi,24069
112,Auria Sercombe,Delhi,58387
113,Fidelia Scotchmoor,Mallam,11195
114,Elana Gaither,Delhi,25249
115,Zsazsa Hinder,Nellore,37301
116,Aguie Barbe,Delhi,27038
117,Rudolfo Hurdle,Vizag,52262
118,Bone Deavin,Nellore,58987
119,Christoffer Littlepage,Delhi,23875
120,Yvon Lonergan,Nellore,33595
121,Sonnie Tranmer,Bangalore,58203
122,Tully Stainton - Skinn,Chennai,76705
123,Robena Gremane,Delhi,34301
124,Shirl Whatling,Indore,35828
125,Fae Baltzar,Nellore,70461
126,Tonie Jeckells,Bangalore,93151
127,Jory Van der Linde,Chennai,32373
128,Dylan Yukhov,Indore,94691
129,Ronnie Schiesterl,Nellore,67683
130,Simone Killeen,Chennai,32485
131,Willy Babinski,Bangalore,25671
132,Jaquenetta Coulton,Indore,87080
133,Katine Brymham,Vizag,75889
134,Zita Morewood,Delhi,50702
135,Malina Booley,Indore,58673
136,Alysia Axtens,Vizag,40188
137,Nelie Richemond,Mallam,44502
138,Karina Cudihy,Mangalore,90958
139,Hercule Gratland,Mangalore,64761
140,Maurise Whyler,Vizag,97034
141,Nels Houlden,Mangalore,13038
142,Davis Brennenstuhl,Nellore,41138
143,Tate Fencott,Delhi,77330
144,Brody Dupey,Bangalore,10731
145,Reagen Church,Delhi,96415
146,Genny Lambrook,Indore,52587
147,Farica Leonards,Vizag,68669
148,Vivi McMoyer,Mallam,70398
149,Rafaellle Aust,Indore,14591
150,Rasia Marages,Chennai,39699
151,Pammy Sydry,Bangalore,63020
152,Gustie Rushworth,Mallam,55582
153,Tamas Bartosch,Mangalore,54318
154,Gratiana Udell,Nellore,86631
155,Daron Ashford,Bangalore,45015
156,Myrle Unger,Nellore,81793
157,Gretel Medler,Chennai,40787
158,Eleonore Teffrey,Mangalore,72891
159,Liza Pyle,Bangalore,27949
160,Quintin Heitz,Vizag,14133
161,Cthrine Haycroft,Delhi,18436
162,Ardelia Camosso,Mallam,64832
163,Bertie Lacheze,Mangalore,70333
164,Merna Larby,Bangalore,72347
165,Bran Skuse,Mangalore,95553
166,Aubrey Ardley,Indore,85115
167,Finley Carette,Chennai,83356
168,Amabelle Stockill,Mallam,66954
169,Alikee Mossdale,Delhi,57363
170,Buddy Maberley,Vizag,15425
171,Francis Agar,Delhi,89081
172,Stacee Royal,Bangalore,55665
173,Faina Clemenceau,Mallam,23308
174,Gay Brasse,Indore,51075
175,Gerry Manz,Vizag,49334
176,Robinet Quernel,Mallam,44008
177,Maurits Hendron,Vizag,29520
178,Monte Whitham,Nellore,32409
179,Alonso Copin,Bangalore,37325
180,Lyell Prise,Mallam,49224
181,Auberta Grinter,Chennai,77591
182,Sven Reach,Delhi,23990
183,Hoyt Weatherup,Indore,36467
184,Tremayne Cutting,Mallam,21865
185,Denny Jacox,Mangalore,90182
186,Quinlan Danzey,Vizag,14006
187,Simeon Celle,Bangalore,70376
188,Axel Josilevich,Vizag,16291
189,Victoir Girkin,Mangalore,41807
190,Perl Meriton,Bangalore,11581
191,Therine Coan,Mallam,68997
192,Konstantin D'Ambrogi,Nellore,74279
193,Timmie Orbell,Delhi,77460
194,Pasquale Oxenden,Mangalore,17843
195,Dorice Twinborne,Delhi,49791
196,Ora Newberry,Mallam,55828
197,Fee Kirkup,Bangalore,32112
198,Janaye Drillingcourt,Indore,38146
199,Booth Swyre,Indore,36136
200,Marsh Garratt,Chennai,93616
201,Larisa Elgee,Nellore,56630
202,Winnie Beatty,Mangalore,27501
203,Dosi Roggero,Bangalore,59142
204,Michel Coggles,Indore,11678
205,Marla Stirtle,Nellore,72760
206,Arliene Melbert,Bangalore,57385
207,Editha Dudmarsh,Bangalore,20907
208,Rochette Conradie,Delhi,50298
209,Hugibert Harlow,Vizag,63048
210,Si Galletley,Mallam,35824
211,Terry Klossmann,Mallam,56581
212,Parker Olman,Nellore,87630
213,Steffen Hiorn,Vizag,60650
214,Randie Iveagh,Delhi,10385
215,Elisha Nanelli,Chennai,88316
216,Shawn Janoch,Delhi,66394
217,Leta Exposito,Chennai,81113
218,Curcio Bicheno,Mangalore,72038
219,Godfrey Brumbie,Nellore,97644
220,Bel Fricke,Chennai,62348
221,Nellie Goodacre,Mangalore,70893
222,Glynda Compton,Indore,78388
223,Darci Brainsby,Mallam,81418
224,Charmane Olcot,Nellore,13856
225,Minni Lumby,Nellore,78782
226,Yves Inston,Nellore,27992
227,Chelsy Biagini,Delhi,46249
228,Antoinette Dundon,Chennai,65231
229,Cordie Tames,Delhi,15580
230,Ada Goldbourn,Chennai,60175
231,Lay Smeeth,Mangalore,34582
232,Lilian Benning,Mangalore,10562
233,Stearn Chislett,Nellore,37891
234,Arabele Hadcock,Bangalore,91669
235,Leshia Sutherns,Bangalore,57705
236,Reena Kerfod,Chennai,34762
237,Bonnie Markl,Indore,29062
238,Dalli Lezemere,Delhi,87779
239,Corinne Mc Queen,Vizag,46142
240,Almire Sarll,Bangalore,62675
241,Delia Tedman,Mangalore,90606
242,Putnem Gould,Mallam,33839
243,Shermy Purches,Mallam,24216
244,Filberto Inkpin,Bangalore,90966
245,Mercy Tipling,Mangalore,52161
246,Emmalee Fanner,Indore,39564
247,Porter Kershaw,Chennai,19654
248,Lauraine Soigne,Mangalore,79307
249,Ruthi Bryett,Delhi,83310
250,Bert Pepperrall,Chennai,69413
251,Meggy Fromont,Bangalore,25809
252,Keven Scranny,Delhi,53335
253,Marje Pettinger,Mallam,65727
254,Coral Demangeot,Indore,76656
255,Yance Lockhurst,Mangalore,97961
256,Grant Tewelson,Delhi,85562
257,Adelheid Soldner,Mallam,41825
258,Corey Gayden,Chennai,40287
259,Glori Rayer,Mangalore,81830
260,Mirabelle Harmes,Nellore,25226
261,Terrie Ferrulli,Chennai,20908
262,Vyky Nesfield,Delhi,24355
263,Mickey Feitosa,Vizag,77395
264,Carlie Grierson,Bangalore,12811
265,Mordecai Isakowicz,Mallam,93704
266,Daisi Divell,Delhi,51208
267,Vasilis Hinsch,Mallam,45612
268,Ulrika Showering,Nellore,82783
269,Kori Danbury,Delhi,61474
270,Marshal Goldingay,Mallam,38073
271,Muriel Harms,Delhi,20235
272,Leora Gerauld,Indore,89396
273,Lurlene Kinnerley,Bangalore,93875
274,Jose Giacopini,Mangalore,22241
275,Amelia Flisher,Bangalore,75939
276,Rodolphe Thandi,Delhi,10234
277,Kermie Billborough,Mallam,94761
278,Fionnula Shipman,Bangalore,10838
279,Colby McVitty,Vizag,58298
280,Brett McQuie,Delhi,69423
281,Ardis Douse,Delhi,17723
282,Ermanno Woodhead,Vizag,35599
283,Candice Biskupiak,Nellore,35513
284,Boigie Ell,Bangalore,23829
285,Moselle Houtby,Vizag,37845
286,Hedvige Itzhaiek,Delhi,36156
287,Berti Kubista,Indore,60247
288,Andres Olley,Delhi,89864
289,Luise Scarsbrook,Nellore,72470
290,Evvy Whittlesey,Vizag,14877
291,Marvin Gimblett,Chennai,23340
292,Winthrop Tows,Mallam,84747
293,Josy Pretorius,Bangalore,61627
294,Madelene Burberye,Nellore,25372
295,Aindrea Godman,Vizag,79574
296,Chaddy McEvon,Chennai,26884
297,Shurwood Gore,Bangalore,46694
298,Coop O'Cuddie,Bangalore,42485
299,Papageno Vogeler,Delhi,81236
300,Alexei Diver,Vizag,51611
301,Nichols Loadman,Indore,17487
302,Debera Reinmar,Chennai,76542
303,Jennifer Mil,Nellore,20755
304,Rhodie Grzeszczyk,Mangalore,21930
305,Neddie Caddies,Indore,58052
306,Susi Bortolotti,Nellore,74440
307,Adeline Knevet,Mallam,83892
308,Margalo Flanigan,Indore,73524
309,Kristien Pooly,Mangalore,73895
310,Kathryne Pettengell,Nellore,54433
311,Carl Tombleson,Vizag,64408
312,Mike Stoute,Chennai,73080
313,Trisha Blazejewski,Indore,41964
314,Ivan Sighard,Bangalore,32544
315,Thomasine Dillet,Indore,10817
316,Madel Farndon,Vizag,28625
317,Ty Elcy,Mangalore,19459
318,Lorain Loughead,Nellore,15665
319,Kingsly Bisatt,Vizag,37321
320,Mart Trace,Delhi,66511
321,Gunner Caslane,Vizag,50847
322,Travis Salvidge,Bangalore,49915
323,Arlinda O'Cahsedy,Indore,71056
324,Rasia Engall,Delhi,80861
325,Griswold Eard,Indore,77704
326,My Lusher,Mallam,79961
327,Herb Nucci,Indore,82475
328,Rikki Fargie,Bangalore,73702
329,Emmalee Shawdforth,Indore,64001
330,Kira Raisher,Delhi,12317
331,Brig Pauli,Indore,78304
332,Marybelle Flaunier,Bangalore,85302
333,Friedrich Gobell,Mallam,80630
334,Alyce Chillingworth,Vizag,42457
335,Corbett Lynds,Mangalore,58896
336,Marlow Atcheson,Mangalore,40175
337,Sissy Zywicki,Mallam,80964
338,Fenelia Hurry,Chennai,94036
339,Noel Prestney,Mangalore,49016
340,Gino Fuzzard,Indore,21433
341,Antone Antrack,Vizag,36243
342,Emmie Rao,Mangalore,35197
343,Delcine Fogt,Mangalore,79323
344,Alethea Frankel,Delhi,52568
345,Danyelle Copcutt,Nellore,68802
346,Jaclin Splain,Indore,59718
347,Pincas Wisam,Delhi,64025
348,Dixie Scowcroft,Mallam,77328
349,Armin Lehon,Chennai,63376
350,Roxanne Jurgen,Indore,27725
351,Geraldine O'Keeffe,Mangalore,70262
352,Jill Bautiste,Vizag,67077
353,Laurent Keele,Vizag,46584
354,Robinett Greenman,Indore,96761
355,Junina Paxforde,Nellore,24467
356,Jessamine Pulteneye,Bangalore,14795
357,Drusi Brewers,Delhi,72275
358,Iorgo Himpson,Chennai,52496
359,Arturo Lamb-shine,Vizag,39354
360,Wini Bewshire,Indore,97480
361,Dean Hanshaw,Vizag,45909
362,Alejandra Jackling,Vizag,60887
363,Cammy Chrishop,Chennai,26683
364,Jacques Kesteven,Vizag,64992
365,Estele Ajam,Delhi,76027
366,Loralie Airdrie,Mallam,81027
367,Rancell Pervoe,Vizag,55712
368,Kylie Zanutti,Vizag,73488
369,Charla Isack,Delhi,65627
370,Francisco Ceeley,Mallam,29286
371,Dannye Pashby,Mangalore,64443
372,Sonny Afield,Bangalore,98826
373,Zorina Perrott,Chennai,54239
374,Georgie Tunnock,Delhi,17664
375,Cathi McFadyen,Delhi,31491
376,Hettie Harbert,Indore,65612
377,Charita Grzelczak,Mangalore,22096
378,Alice Fernant,Delhi,58067
379,Naoma Klimov,Indore,48658
380,Greer Guerrazzi,Mangalore,41031
381,Kerry Yakobovicz,Delhi,99662
382,Darell Pester,Delhi,70556
383,Lorrie Croson,Chennai,11295
384,Enrika Paull,Mallam,19836
385,Audre Colbeck,Chennai,86526
386,Norah Nelsey,Bangalore,36153
387,Wittie Mount,Mallam,30143
388,Josefa MacAnelley,Nellore,45313
389,Ethelyn Drew,Bangalore,77250
390,Bethanne Stitfall,Mallam,65496
391,Guy Larmor,Delhi,30646
392,Haley Jewks,Nellore,61321
393,Malinda Pinson,Vizag,43917
394,Hazel Kirkland,Nellore,78294
395,Jeff Maylam,Indore,51751
396,Merralee Riccione,Delhi,48723
397,Merry Creek,Delhi,96196
398,Madelene Reed,Indore,31367
399,Carrissa Hember,Bangalore,65900
400,Dolores Tixier,Mangalore,71279
401,Brandie July,Delhi,98439
402,Agnes Jorck,Chennai,23516
403,Ernestus Butting,Delhi,44006
404,Dermot Noddles,Mallam,15476
405,Hastie Abbado,Indore,64743
406,Barty Chisnell,Vizag,39776
407,Marcy Kirkhouse,Bangalore,97881
408,Saundra Fawkes,Nellore,30482
409,Bernadene Racher,Delhi,47440
410,Jimmie Thebes,Mangalore,23256
411,Brook Gaynes,Vizag,41638
412,Mufi Orniz,Bangalore,23181
413,Dalenna Sleicht,Vizag,69569
414,Ronnie Keets,Bangalore,25762
415,Rosy Moehle,Indore,40623
416,Mychal Rubenchik,Mallam,25392
417,Cris Giacomoni,Mallam,72325
418,Fabio Harnes,Chennai,15696
419,Hinda Dunsmore,Indore,20162
420,Moe Utting,Nellore,60822
421,Mike Pelham,Chennai,38807
422,Billy Fergyson,Mallam,40648
423,Burnaby Haddleston,Indore,51471
424,Jasper Bezant,Bangalore,72553
425,Riki Coot,Mallam,19442
426,Derrick Topaz,Chennai,94079
427,Herculie Moreno,Nellore,21485
428,Nichole Budik,Mangalore,65044
429,Pierrette Desporte,Bangalore,41625
430,Walther Slatter,Bangalore,90938
431,Myrlene Honack,Chennai,44983
432,Edgardo Chippin,Indore,18273
433,Anneliese Peasey,Chennai,38210
434,Hana Dugmore,Delhi,27312
435,Catherina Cottie,Mangalore,67617
436,Ezmeralda Beneyto,Delhi,99632
437,Farlay Bromet,Indore,69232
438,Humberto Linforth,Nellore,30293
439,Maddy Prue,Vizag,17365
440,Price Sedcole,Mallam,76181
441,Vassily Barsham,Bangalore,25326
442,Kare Fairs,Indore,21708
443,Yasmeen Rustan,Bangalore,22649
444,Marsh Arrighini,Indore,13114
445,Thacher Assiter,Delhi,87582
446,Dulciana Greendale,Chennai,84661
447,Virgina Lowrie,Nellore,32803
448,Johann Assante,Chennai,69441
449,Rhiamon Turney,Nellore,60866
450,Cloe Presdie,Nellore,44935
451,Petrina Cornils,Chennai,36520
452,Lorettalorna Gierke,Mangalore,77682
453,Teodoor Bollum,Chennai,62085
454,Ban Bloy,Bangalore,93422
455,Giff Jacklings,Delhi,52585
456,Gaspard Ruppeli,Chennai,65652
457,Thalia Wilprecht,Delhi,82810
458,Niki Elsie,Mallam,38426
459,Rosa Floyde,Bangalore,48930
460,Ernie Heinrich,Nellore,89929
461,Babs Bernon,Bangalore,27466
462,Dalt Oty,Vizag,53096
463,Boone Pardon,Indore,32115
464,Hiram Mayman,Delhi,83495
465,Kattie Viste,Delhi,77110
466,Chanda Hasted,Bangalore,95639
467,Laryssa Bourdon,Vizag,67817
468,Sidney Eastmond,Mallam,87663
469,Eleanora Clymer,Chennai,12806
470,Eb Gores,Nellore,10237
471,Kayle Josilevich,Mangalore,28545
472,Chancey Mewitt,Bangalore,91301
473,Hanni Besantie,Nellore,77721
474,Brandy Dearnaly,Indore,38578
475,Shannon Barefoot,Vizag,46268
476,Mauricio Dunsleve,Mangalore,97831
477,Tracee Beales,Vizag,46337
478,Stormy Bodicam,Mallam,60178
479,Torrin Heningham,Vizag,34761
480,Ari Massenhove,Delhi,91011
481,Kathleen Bigglestone,Chennai,98263
482,Jamima Melato,Bangalore,67915
483,Gallagher Yeoman,Indore,52395
484,Orv Leaning,Delhi,92789
485,Leonanie Salkild,Mallam,60100
486,Welsh Matcham,Mallam,40930
487,Elizabeth Fifield,Indore,22424
488,Moe Fink,Chennai,86905
489,Cheslie Marriott,Nellore,23559
490,Art McIlheran,Vizag,16573
491,Cacilia Fright,Chennai,73864
492,Mattie Matussov,Vizag,60861
493,Curry Pawelski,Vizag,94277
494,Marin Meharg,Vizag,78688
495,Nicky Hizir,Vizag,25895
496,Nannette Stonebridge,Mangalore,73223
497,Salem Hawe,Delhi,89854
498,Lynna Kennady,Mallam,79507
499,Lynnett Dandy,Mangalore,33154
500,Yard Pitman,Mallam,41935
